ID_Ordem_Servico,Data_Agendamento,Equipe_Responsavel,Tipo_Servico,Regiao,Tempo_Execucao_Horas,Status_OS
OS-1001,2026-03-16,Equipe Bravo,Instalação Completa,Leste,4.6,Concluído no Prazo
OS-1002,2026-05-09,Equipe Bravo,Instalação Completa,Leste,5.5,Concluído no Prazo
OS-1003,2026-04-09,Equipe Bravo,Manutenção Preventiva,Norte,2.0,Concluído no Prazo
OS-1004,2026-02-01,Equipe Bravo,Manutenção Preventiva,Norte,2.2,Concluído no Prazo
OS-1005,2026-02-21,Equipe Alpha,Visita Técnica,Sul,1.3,Concluído com Atraso
OS-1006,2026-04-29,Equipe Alpha,Visita Técnica,Centro,1.6,Concluído no Prazo
OS-1007,2026-04-28,Equipe Alpha,Visita Técnica,Centro,1.9,Concluído com Atraso
OS-1008,2026-03-25,Equipe Bravo,Reparo Estrutural,Norte,1.9,Concluído no Prazo
OS-1009,2026-02-03,Equipe Alpha,Manutenção Preventiva,Oeste,2.7,Concluído com Atraso
OS-1010,2026-05-11,Equipe Bravo,Manutenção Preventiva,Sul,2.0,Concluído no Prazo
OS-1011,2026-04-17,Equipe Alpha,Instalação Completa,Leste,6.6,Cancelado pelo Cliente
OS-1012,2026-03-05,Equipe Alpha,Reparo Estrutural,Centro,1.2,Concluído no Prazo
OS-1013,2026-02-01,Equipe Alpha,Manutenção Preventiva,Leste,2.0,Concluído no Prazo
OS-1014,2026-05-19,Equipe Alpha,Visita Técnica,Centro,1.3,Concluído no Prazo
OS-1015,2026-03-07,Equipe Alpha,Visita Técnica,Centro,0.7,Concluído no Prazo
OS-1016,2026-03-19,Equipe Alpha,Visita Técnica,Norte,0.7,Concluído no Prazo
OS-1017,2026-05-31,Equipe Bravo,Visita Técnica,Centro,1.7,Concluído no Prazo
OS-1018,2026-03-27,Equipe Bravo,Instalação Completa,Centro,8.0,Cancelado pelo Cliente
OS-1019,2026-05-10,Equipe Alpha,Reparo Estrutural,Leste,1.9,Concluído no Prazo
OS-1020,2026-05-03,Equipe Bravo,Visita Técnica,Centro,0.8,Concluído com Atraso
OS-1021,2026-05-29,Equipe Alpha,Instalação Completa,Leste,5.5,Concluído com Atraso
OS-1022,2026-01-31,Equipe Alpha,Instalação Completa,Centro,4.3,Concluído no Prazo
OS-1023,2026-03-01,Equipe Alpha,Instalação Completa,Oeste,7.8,Concluído no Prazo
OS-1024,2026-03-04,Equipe Alpha,Manutenção Preventiva,Centro,2.8,Concluído no Prazo
OS-1025,2026-05-04,Equipe Bravo,Manutenção Preventiva,Norte,2.2,Concluído no Prazo
OS-1026,2026-04-01,Equipe Alpha,Manutenção Preventiva,Leste,2.8,Concluído com Atraso
OS-1027,2026-03-25,Equipe Bravo,Visita Técnica,Norte,1.0,Concluído com Atraso
OS-1028,2026-01-20,Equipe Bravo,Manutenção Preventiva,Norte,2.5,Cancelado pelo Cliente
OS-1029,2026-03-16,Equipe Alpha,Manutenção Preventiva,Oeste,2.2,Concluído no Prazo
OS-1030,2026-03-17,Equipe Alpha,Manutenção Preventiva,Centro,2.1,Concluído no Prazo
OS-1031,2026-03-28,Equipe Alpha,Instalação Completa,Leste,4.2,Reagendado
OS-1032,2026-05-05,Equipe Alpha,Instalação Completa,Sul,6.3,Concluído com Atraso
OS-1033,2026-04-14,Equipe Bravo,Instalação Completa,Sul,7.5,Cancelado pelo Cliente
OS-1034,2026-01-17,Equipe Bravo,Instalação Completa,Centro,4.5,Concluído no Prazo
OS-1035,2026-01-24,Equipe Bravo,Instalação Completa,Centro,6.0,Concluído no Prazo
OS-1036,2026-03-03,Equipe Alpha,Instalação Completa,Centro,7.2,Concluído no Prazo
OS-1037,2026-05-05,Equipe Alpha,Manutenção Preventiva,Centro,2.5,Reagendado
OS-1038,2026-03-03,Equipe Bravo,Visita Técnica,Norte,1.7,Reagendado
OS-1039,2026-03-27,Equipe Bravo,Manutenção Preventiva,Norte,2.5,Concluído no Prazo
OS-1040,2026-03-24,Equipe Alpha,Instalação Completa,Norte,4.6,Concluído no Prazo
OS-1041,2026-02-18,Equipe Alpha,Reparo Estrutural,Sul,0.8,Concluído no Prazo
OS-1042,2026-03-29,Equipe Alpha,Manutenção Preventiva,Oeste,2.4,Concluído no Prazo
OS-1043,2026-04-12,Equipe Alpha,Visita Técnica,Norte,0.6,Concluído no Prazo
OS-1044,2026-05-10,Equipe Alpha,Manutenção Preventiva,Centro,2.5,Concluído no Prazo
OS-1045,2026-03-31,Equipe Alpha,Manutenção Preventiva,Centro,2.6,Concluído no Prazo
OS-1046,2026-05-24,Equipe Alpha,Instalação Completa,Leste,6.7,Concluído no Prazo
OS-1047,2026-04-30,Equipe Bravo,Manutenção Preventiva,Leste,1.6,Concluído no Prazo
OS-1048,2026-01-31,Equipe Alpha,Manutenção Preventiva,Sul,1.5,Concluído no Prazo
OS-1049,2026-03-26,Equipe Bravo,Manutenção Preventiva,Leste,2.8,Concluído com Atraso
OS-1050,2026-02-26,Equipe Bravo,Instalação Completa,Sul,7.0,Concluído no Prazo
OS-1051,2026-03-03,Equipe Bravo,Instalação Completa,Oeste,7.9,Concluído no Prazo
OS-1052,2026-01-07,Equipe Alpha,Instalação Completa,Centro,7.0,Concluído no Prazo
OS-1053,2026-01-19,Equipe Alpha,Manutenção Preventiva,Sul,2.0,Concluído no Prazo
OS-1054,2026-03-25,Equipe Alpha,Instalação Completa,Sul,6.1,Concluído com Atraso
OS-1055,2026-02-23,Equipe Bravo,Manutenção Preventiva,Oeste,2.1,Reagendado
OS-1056,2026-01-10,Equipe Bravo,Instalação Completa,Leste,5.9,Concluído no Prazo
OS-1057,2026-05-11,Equipe Bravo,Visita Técnica,Norte,1.4,Concluído no Prazo
OS-1058,2026-01-26,Equipe Alpha,Manutenção Preventiva,Centro,2.2,Concluído no Prazo
OS-1059,2026-04-20,Equipe Alpha,Reparo Estrutural,Oeste,1.4,Concluído no Prazo
OS-1060,2026-03-15,Equipe Alpha,Instalação Completa,Oeste,7.2,Concluído com Atraso
OS-1061,2026-02-25,Equipe Bravo,Instalação Completa,Oeste,5.0,Concluído no Prazo
OS-1062,2026-01-04,Equipe Alpha,Visita Técnica,Leste,1.9,Concluído no Prazo
OS-1063,2026-04-05,Equipe Bravo,Visita Técnica,Centro,1.9,Concluído no Prazo
OS-1064,2026-04-06,Equipe Bravo,Manutenção Preventiva,Oeste,1.9,Concluído no Prazo
OS-1065,2026-05-12,Equipe Alpha,Instalação Completa,Norte,7.8,Concluído com Atraso
OS-1066,2026-05-10,Equipe Bravo,Instalação Completa,Norte,6.7,Cancelado pelo Cliente
OS-1067,2026-02-14,Equipe Alpha,Instalação Completa,Centro,7.9,Concluído no Prazo
OS-1068,2026-01-23,Equipe Alpha,Instalação Completa,Oeste,4.3,Concluído no Prazo
OS-1069,2026-01-10,Equipe Bravo,Manutenção Preventiva,Norte,2.3,Concluído com Atraso
OS-1070,2026-02-17,Equipe Alpha,Instalação Completa,Oeste,7.8,Concluído no Prazo
OS-1071,2026-05-04,Equipe Alpha,Instalação Completa,Leste,7.0,Concluído com Atraso
OS-1072,2026-04-17,Equipe Alpha,Manutenção Preventiva,Leste,2.7,Concluído no Prazo
OS-1073,2026-05-06,Equipe Bravo,Manutenção Preventiva,Leste,2.5,Concluído no Prazo
OS-1074,2026-05-05,Equipe Alpha,Instalação Completa,Oeste,4.9,Concluído com Atraso
OS-1075,2026-01-14,Equipe Alpha,Reparo Estrutural,Sul,1.5,Concluído no Prazo
OS-1076,2026-05-30,Equipe Alpha,Instalação Completa,Oeste,6.7,Concluído no Prazo
OS-1077,2026-02-25,Equipe Bravo,Instalação Completa,Sul,5.3,Reagendado
OS-1078,2026-05-08,Equipe Alpha,Manutenção Preventiva,Leste,1.6,Concluído com Atraso
OS-1079,2026-04-08,Equipe Bravo,Manutenção Preventiva,Norte,2.3,Concluído no Prazo
OS-1080,2026-01-31,Equipe Bravo,Instalação Completa,Leste,6.6,Reagendado
OS-1081,2026-04-01,Equipe Alpha,Visita Técnica,Centro,1.7,Concluído no Prazo
OS-1082,2026-05-03,Equipe Alpha,Visita Técnica,Leste,1.9,Concluído no Prazo
OS-1083,2026-03-06,Equipe Alpha,Instalação Completa,Centro,6.2,Concluído no Prazo
OS-1084,2026-02-05,Equipe Alpha,Visita Técnica,Leste,1.3,Concluído no Prazo
OS-1085,2026-05-29,Equipe Alpha,Manutenção Preventiva,Leste,2.0,Concluído no Prazo
OS-1086,2026-01-01,Equipe Bravo,Instalação Completa,Norte,7.6,Concluído com Atraso
OS-1087,2026-02-21,Equipe Bravo,Instalação Completa,Leste,4.9,Reagendado
OS-1088,2026-03-22,Equipe Bravo,Manutenção Preventiva,Centro,2.3,Concluído no Prazo
OS-1089,2026-05-01,Equipe Alpha,Manutenção Preventiva,Sul,2.2,Concluído no Prazo
OS-1090,2026-05-14,Equipe Alpha,Instalação Completa,Oeste,6.6,Concluído no Prazo
OS-1091,2026-02-05,Equipe Bravo,Instalação Completa,Oeste,7.2,Concluído no Prazo
OS-1092,2026-01-07,Equipe Bravo,Visita Técnica,Norte,1.4,Reagendado
OS-1093,2026-01-28,Equipe Alpha,Instalação Completa,Norte,4.9,Concluído no Prazo
OS-1094,2026-04-11,Equipe Alpha,Instalação Completa,Oeste,6.6,Reagendado
OS-1095,2026-03-23,Equipe Bravo,Visita Técnica,Centro,1.9,Concluído no Prazo
OS-1096,2026-02-26,Equipe Alpha,Visita Técnica,Oeste,1.5,Reagendado
OS-1097,2026-02-24,Equipe Bravo,Manutenção Preventiva,Leste,2.9,Concluído no Prazo
OS-1098,2026-05-23,Equipe Bravo,Manutenção Preventiva,Sul,2.9,Concluído com Atraso
OS-1099,2026-05-26,Equipe Bravo,Reparo Estrutural,Centro,1.1,Concluído no Prazo
OS-1100,2026-02-01,Equipe Bravo,Instalação Completa,Oeste,6.4,Concluído no Prazo
OS-1101,2026-01-20,Equipe Alpha,Visita Técnica,Leste,0.7,Concluído no Prazo
OS-1102,2026-03-28,Equipe Bravo,Instalação Completa,Centro,7.7,Concluído com Atraso
OS-1103,2026-05-07,Equipe Alpha,Instalação Completa,Sul,5.3,Concluído no Prazo
OS-1104,2026-05-26,Equipe Bravo,Manutenção Preventiva,Oeste,2.2,Concluído no Prazo
OS-1105,2026-02-06,Equipe Bravo,Visita Técnica,Sul,0.8,Concluído no Prazo
OS-1106,2026-02-12,Equipe Alpha,Instalação Completa,Oeste,5.3,Concluído com Atraso
OS-1107,2026-03-16,Equipe Bravo,Visita Técnica,Leste,0.8,Concluído no Prazo
OS-1108,2026-05-24,Equipe Alpha,Manutenção Preventiva,Centro,2.9,Concluído no Prazo
OS-1109,2026-01-09,Equipe Bravo,Reparo Estrutural,Sul,2.0,Concluído no Prazo
OS-1110,2026-03-29,Equipe Bravo,Visita Técnica,Oeste,0.5,Concluído no Prazo
OS-1111,2026-05-07,Equipe Alpha,Manutenção Preventiva,Oeste,2.6,Concluído no Prazo
OS-1112,2026-03-15,Equipe Bravo,Instalação Completa,Leste,6.2,Concluído no Prazo
OS-1113,2026-05-10,Equipe Bravo,Instalação Completa,Norte,5.5,Concluído no Prazo
OS-1114,2026-05-17,Equipe Bravo,Manutenção Preventiva,Centro,1.8,Concluído com Atraso
OS-1115,2026-04-10,Equipe Alpha,Manutenção Preventiva,Centro,2.1,Concluído no Prazo
OS-1116,2026-03-02,Equipe Alpha,Visita Técnica,Norte,1.0,Concluído no Prazo
OS-1117,2026-02-11,Equipe Alpha,Visita Técnica,Leste,1.6,Concluído no Prazo
OS-1118,2026-01-13,Equipe Bravo,Manutenção Preventiva,Sul,2.8,Concluído no Prazo
OS-1119,2026-05-28,Equipe Alpha,Manutenção Preventiva,Sul,2.2,Concluído com Atraso
OS-1120,2026-04-06,Equipe Bravo,Reparo Estrutural,Norte,1.7,Concluído no Prazo
OS-1121,2026-02-22,Equipe Alpha,Instalação Completa,Oeste,6.7,Concluído no Prazo
OS-1122,2026-01-06,Equipe Bravo,Instalação Completa,Sul,5.7,Concluído no Prazo
OS-1123,2026-03-07,Equipe Alpha,Manutenção Preventiva,Oeste,1.9,Cancelado pelo Cliente
OS-1124,2026-03-02,Equipe Bravo,Manutenção Preventiva,Leste,2.9,Concluído no Prazo
OS-1125,2026-04-18,Equipe Alpha,Visita Técnica,Norte,0.8,Cancelado pelo Cliente
OS-1126,2026-01-18,Equipe Alpha,Reparo Estrutural,Oeste,0.9,Concluído no Prazo
OS-1127,2026-03-10,Equipe Alpha,Manutenção Preventiva,Centro,2.3,Concluído no Prazo
OS-1128,2026-04-18,Equipe Bravo,Visita Técnica,Norte,0.8,Concluído no Prazo
OS-1129,2026-05-31,Equipe Alpha,Manutenção Preventiva,Leste,1.8,Cancelado pelo Cliente
OS-1130,2026-05-30,Equipe Bravo,Manutenção Preventiva,Centro,2.5,Concluído no Prazo
OS-1131,2026-01-20,Equipe Bravo,Instalação Completa,Oeste,4.5,Concluído no Prazo
OS-1132,2026-04-02,Equipe Bravo,Instalação Completa,Norte,7.0,Concluído no Prazo
OS-1133,2026-02-17,Equipe Alpha,Visita Técnica,Oeste,0.9,Reagendado
OS-1134,2026-02-05,Equipe Alpha,Instalação Completa,Leste,5.0,Concluído no Prazo
OS-1135,2026-04-01,Equipe Alpha,Instalação Completa,Leste,5.9,Concluído no Prazo
OS-1136,2026-04-28,Equipe Bravo,Visita Técnica,Sul,1.4,Concluído no Prazo
OS-1137,2026-03-11,Equipe Alpha,Reparo Estrutural,Sul,0.6,Concluído no Prazo
OS-1138,2026-03-11,Equipe Alpha,Instalação Completa,Centro,5.6,Concluído no Prazo
OS-1139,2026-02-11,Equipe Bravo,Instalação Completa,Centro,7.4,Concluído no Prazo
OS-1140,2026-01-15,Equipe Bravo,Reparo Estrutural,Leste,1.6,Concluído no Prazo
OS-1141,2026-05-25,Equipe Alpha,Instalação Completa,Oeste,6.8,Concluído no Prazo
OS-1142,2026-01-16,Equipe Bravo,Manutenção Preventiva,Norte,2.1,Concluído no Prazo
OS-1143,2026-05-13,Equipe Bravo,Visita Técnica,Leste,1.3,Concluído com Atraso
OS-1144,2026-01-29,Equipe Alpha,Instalação Completa,Oeste,5.9,Concluído no Prazo
OS-1145,2026-04-23,Equipe Alpha,Instalação Completa,Norte,6.3,Concluído no Prazo
OS-1146,2026-05-15,Equipe Alpha,Instalação Completa,Sul,7.5,Concluído com Atraso
OS-1147,2026-02-10,Equipe Alpha,Instalação Completa,Norte,6.1,Concluído no Prazo
OS-1148,2026-01-16,Equipe Alpha,Manutenção Preventiva,Centro,2.4,Concluído no Prazo
OS-1149,2026-05-14,Equipe Alpha,Instalação Completa,Leste,6.2,Concluído com Atraso
OS-1150,2026-04-08,Equipe Alpha,Instalação Completa,Centro,6.4,Concluído com Atraso
OS-1151,2026-02-06,Equipe Bravo,Visita Técnica,Norte,0.9,Concluído com Atraso
OS-1152,2026-05-19,Equipe Alpha,Instalação Completa,Norte,7.0,Concluído no Prazo
OS-1153,2026-05-05,Equipe Alpha,Instalação Completa,Norte,7.6,Concluído no Prazo
OS-1154,2026-03-13,Equipe Bravo,Reparo Estrutural,Sul,1.9,Concluído no Prazo
OS-1155,2026-03-14,Equipe Alpha,Instalação Completa,Centro,6.3,Concluído no Prazo
OS-1156,2026-04-14,Equipe Bravo,Visita Técnica,Oeste,0.6,Concluído com Atraso
OS-1157,2026-04-01,Equipe Alpha,Manutenção Preventiva,Leste,2.0,Concluído no Prazo
OS-1158,2026-03-15,Equipe Alpha,Manutenção Preventiva,Centro,2.8,Concluído no Prazo
OS-1159,2026-04-30,Equipe Alpha,Instalação Completa,Leste,4.8,Concluído no Prazo
OS-1160,2026-05-04,Equipe Bravo,Instalação Completa,Norte,5.5,Concluído no Prazo
OS-1161,2026-03-19,Equipe Alpha,Manutenção Preventiva,Oeste,2.5,Concluído no Prazo
OS-1162,2026-01-26,Equipe Bravo,Manutenção Preventiva,Norte,2.3,Concluído no Prazo
OS-1163,2026-03-23,Equipe Bravo,Instalação Completa,Leste,4.7,Concluído no Prazo
OS-1164,2026-04-01,Equipe Alpha,Visita Técnica,Sul,1.5,Cancelado pelo Cliente
OS-1165,2026-02-04,Equipe Alpha,Reparo Estrutural,Leste,0.9,Concluído no Prazo
OS-1166,2026-01-12,Equipe Alpha,Reparo Estrutural,Centro,1.5,Concluído no Prazo
OS-1167,2026-04-07,Equipe Alpha,Manutenção Preventiva,Leste,2.8,Concluído no Prazo
OS-1168,2026-04-07,Equipe Bravo,Instalação Completa,Leste,4.9,Concluído com Atraso
OS-1169,2026-02-23,Equipe Alpha,Instalação Completa,Norte,6.4,Cancelado pelo Cliente
OS-1170,2026-02-12,Equipe Alpha,Reparo Estrutural,Norte,0.9,Concluído no Prazo
OS-1171,2026-02-28,Equipe Bravo,Visita Técnica,Sul,1.6,Concluído no Prazo
OS-1172,2026-04-16,Equipe Alpha,Instalação Completa,Centro,6.3,Concluído no Prazo
OS-1173,2026-01-06,Equipe Alpha,Instalação Completa,Centro,6.3,Reagendado
OS-1174,2026-05-13,Equipe Bravo,Reparo Estrutural,Centro,0.9,Concluído no Prazo
OS-1175,2026-01-22,Equipe Bravo,Manutenção Preventiva,Centro,2.0,Concluído no Prazo
OS-1176,2026-03-17,Equipe Alpha,Instalação Completa,Oeste,6.1,Concluído no Prazo
OS-1177,2026-05-05,Equipe Alpha,Manutenção Preventiva,Leste,2.4,Concluído no Prazo
OS-1178,2026-02-05,Equipe Alpha,Visita Técnica,Oeste,1.9,Concluído com Atraso
OS-1179,2026-05-08,Equipe Alpha,Instalação Completa,Norte,7.5,Concluído no Prazo
OS-1180,2026-02-17,Equipe Alpha,Instalação Completa,Oeste,5.6,Concluído no Prazo
OS-1181,2026-01-30,Equipe Bravo,Reparo Estrutural,Centro,1.4,Concluído no Prazo
OS-1182,2026-05-23,Equipe Bravo,Visita Técnica,Centro,1.6,Concluído no Prazo
OS-1183,2026-01-23,Equipe Bravo,Instalação Completa,Centro,6.5,Concluído no Prazo
OS-1184,2026-05-24,Equipe Bravo,Instalação Completa,Norte,7.3,Concluído no Prazo
OS-1185,2026-03-29,Equipe Bravo,Manutenção Preventiva,Oeste,2.7,Concluído no Prazo
OS-1186,2026-03-27,Equipe Alpha,Manutenção Preventiva,Oeste,2.6,Concluído no Prazo
OS-1187,2026-05-19,Equipe Alpha,Reparo Estrutural,Norte,1.3,Concluído no Prazo
OS-1188,2026-03-06,Equipe Bravo,Manutenção Preventiva,Norte,2.2,Concluído no Prazo
OS-1189,2026-04-07,Equipe Alpha,Instalação Completa,Oeste,4.7,Concluído no Prazo
OS-1190,2026-01-21,Equipe Bravo,Instalação Completa,Norte,5.1,Concluído no Prazo
OS-1191,2026-04-18,Equipe Alpha,Reparo Estrutural,Leste,1.8,Concluído no Prazo
OS-1192,2026-04-11,Equipe Bravo,Manutenção Preventiva,Sul,2.9,Concluído no Prazo
OS-1193,2026-05-13,Equipe Bravo,Instalação Completa,Sul,4.0,Concluído no Prazo
OS-1194,2026-03-25,Equipe Bravo,Visita Técnica,Centro,1.5,Concluído no Prazo
OS-1195,2026-03-14,Equipe Bravo,Instalação Completa,Norte,8.0,Reagendado
OS-1196,2026-04-01,Equipe Bravo,Manutenção Preventiva,Centro,2.5,Concluído no Prazo
OS-1197,2026-03-24,Equipe Alpha,Reparo Estrutural,Oeste,1.3,Concluído no Prazo
OS-1198,2026-02-07,Equipe Bravo,Instalação Completa,Norte,4.2,Reagendado
OS-1199,2026-04-08,Equipe Bravo,Instalação Completa,Norte,4.1,Concluído com Atraso
OS-1200,2026-03-15,Equipe Bravo,Visita Técnica,Oeste,1.1,Reagendado
OS-1201,2026-04-04,Equipe Alpha,Manutenção Preventiva,Norte,1.7,Concluído no Prazo
OS-1202,2026-03-29,Equipe Alpha,Visita Técnica,Norte,0.5,Concluído no Prazo
OS-1203,2026-04-29,Equipe Alpha,Reparo Estrutural,Sul,0.7,Reagendado
OS-1204,2026-01-26,Equipe Alpha,Reparo Estrutural,Oeste,1.6,Concluído com Atraso
OS-1205,2026-04-07,Equipe Bravo,Visita Técnica,Sul,0.8,Concluído com Atraso
OS-1206,2026-03-25,Equipe Bravo,Visita Técnica,Leste,1.9,Concluído no Prazo
OS-1207,2026-05-02,Equipe Alpha,Reparo Estrutural,Centro,1.2,Concluído com Atraso
OS-1208,2026-03-10,Equipe Alpha,Visita Técnica,Oeste,1.5,Concluído no Prazo
OS-1209,2026-03-07,Equipe Bravo,Instalação Completa,Norte,5.9,Concluído no Prazo
OS-1210,2026-05-21,Equipe Bravo,Reparo Estrutural,Centro,1.5,Reagendado
OS-1211,2026-01-18,Equipe Alpha,Instalação Completa,Leste,4.2,Concluído com Atraso
OS-1212,2026-03-22,Equipe Alpha,Visita Técnica,Centro,1.9,Concluído no Prazo
OS-1213,2026-05-13,Equipe Alpha,Instalação Completa,Leste,7.5,Concluído com Atraso
OS-1214,2026-01-07,Equipe Bravo,Visita Técnica,Sul,0.7,Concluído no Prazo
OS-1215,2026-05-04,Equipe Alpha,Manutenção Preventiva,Sul,1.7,Concluído no Prazo
OS-1216,2026-04-10,Equipe Alpha,Visita Técnica,Norte,1.8,Concluído no Prazo
OS-1217,2026-05-15,Equipe Alpha,Instalação Completa,Sul,4.3,Concluído no Prazo
OS-1218,2026-03-25,Equipe Bravo,Instalação Completa,Oeste,5.6,Concluído no Prazo
OS-1219,2026-03-29,Equipe Bravo,Manutenção Preventiva,Sul,2.1,Concluído com Atraso
OS-1220,2026-04-29,Equipe Alpha,Visita Técnica,Sul,1.5,Concluído no Prazo
OS-1221,2026-03-09,Equipe Bravo,Visita Técnica,Leste,1.4,Concluído no Prazo
OS-1222,2026-03-12,Equipe Alpha,Instalação Completa,Leste,7.7,Reagendado
OS-1223,2026-01-21,Equipe Alpha,Visita Técnica,Oeste,1.5,Concluído com Atraso
OS-1224,2026-01-12,Equipe Bravo,Reparo Estrutural,Centro,0.7,Concluído no Prazo
OS-1225,2026-05-19,Equipe Alpha,Visita Técnica,Oeste,1.6,Concluído no Prazo
OS-1226,2026-02-23,Equipe Bravo,Manutenção Preventiva,Oeste,2.3,Concluído no Prazo
OS-1227,2026-05-08,Equipe Alpha,Instalação Completa,Leste,6.2,Concluído no Prazo
OS-1228,2026-05-05,Equipe Alpha,Instalação Completa,Oeste,5.9,Concluído no Prazo
OS-1229,2026-05-31,Equipe Alpha,Instalação Completa,Centro,6.2,Concluído com Atraso
OS-1230,2026-01-02,Equipe Bravo,Instalação Completa,Oeste,5.2,Concluído no Prazo
OS-1231,2026-01-19,Equipe Alpha,Instalação Completa,Norte,6.5,Concluído no Prazo
OS-1232,2026-03-19,Equipe Alpha,Manutenção Preventiva,Norte,1.8,Concluído no Prazo
OS-1233,2026-01-10,Equipe Alpha,Visita Técnica,Oeste,1.6,Concluído no Prazo
OS-1234,2026-02-26,Equipe Bravo,Manutenção Preventiva,Sul,2.0,Concluído no Prazo
OS-1235,2026-01-14,Equipe Alpha,Visita Técnica,Centro,1.1,Concluído no Prazo
OS-1236,2026-01-24,Equipe Bravo,Instalação Completa,Oeste,5.1,Concluído no Prazo
OS-1237,2026-05-16,Equipe Bravo,Instalação Completa,Sul,4.5,Concluído no Prazo
OS-1238,2026-04-28,Equipe Alpha,Instalação Completa,Leste,4.5,Concluído no Prazo
OS-1239,2026-05-22,Equipe Alpha,Reparo Estrutural,Norte,1.9,Concluído no Prazo
OS-1240,2026-03-26,Equipe Bravo,Instalação Completa,Leste,6.4,Concluído no Prazo
OS-1241,2026-03-27,Equipe Alpha,Reparo Estrutural,Oeste,1.7,Concluído no Prazo
OS-1242,2026-04-08,Equipe Bravo,Instalação Completa,Sul,6.7,Concluído no Prazo
OS-1243,2026-01-23,Equipe Bravo,Visita Técnica,Leste,1.4,Concluído no Prazo
OS-1244,2026-05-11,Equipe Bravo,Reparo Estrutural,Leste,1.2,Concluído no Prazo
OS-1245,2026-02-10,Equipe Alpha,Instalação Completa,Sul,6.2,Concluído no Prazo
OS-1246,2026-02-15,Equipe Bravo,Manutenção Preventiva,Norte,2.9,Concluído no Prazo
OS-1247,2026-02-04,Equipe Alpha,Instalação Completa,Sul,5.4,Concluído no Prazo
OS-1248,2026-05-03,Equipe Bravo,Instalação Completa,Norte,6.6,Concluído no Prazo
OS-1249,2026-01-08,Equipe Bravo,Visita Técnica,Oeste,1.7,Concluído com Atraso
OS-1250,2026-01-13,Equipe Bravo,Manutenção Preventiva,Centro,2.8,Concluído no Prazo
OS-1251,2026-05-16,Equipe Alpha,Instalação Completa,Oeste,4.3,Concluído no Prazo
OS-1252,2026-01-15,Equipe Bravo,Visita Técnica,Norte,0.5,Concluído no Prazo
OS-1253,2026-04-27,Equipe Alpha,Instalação Completa,Norte,5.0,Concluído no Prazo
OS-1254,2026-01-10,Equipe Alpha,Instalação Completa,Centro,5.5,Concluído no Prazo
OS-1255,2026-01-08,Equipe Bravo,Visita Técnica,Leste,0.8,Concluído no Prazo
OS-1256,2026-01-02,Equipe Alpha,Instalação Completa,Centro,4.9,Concluído no Prazo
OS-1257,2026-02-21,Equipe Bravo,Instalação Completa,Oeste,6.2,Concluído no Prazo
OS-1258,2026-04-08,Equipe Alpha,Manutenção Preventiva,Oeste,2.7,Cancelado pelo Cliente
OS-1259,2026-05-26,Equipe Alpha,Reparo Estrutural,Sul,1.4,Concluído no Prazo
OS-1260,2026-03-01,Equipe Bravo,Instalação Completa,Sul,5.4,Concluído no Prazo
OS-1261,2026-05-27,Equipe Bravo,Instalação Completa,Sul,7.8,Concluído no Prazo
OS-1262,2026-01-12,Equipe Bravo,Reparo Estrutural,Leste,0.8,Reagendado
OS-1263,2026-03-05,Equipe Bravo,Instalação Completa,Oeste,4.7,Concluído no Prazo
OS-1264,2026-03-02,Equipe Alpha,Manutenção Preventiva,Norte,1.7,Reagendado
OS-1265,2026-05-12,Equipe Bravo,Manutenção Preventiva,Sul,1.6,Concluído no Prazo
OS-1266,2026-02-24,Equipe Bravo,Manutenção Preventiva,Oeste,2.0,Concluído no Prazo
OS-1267,2026-03-16,Equipe Alpha,Manutenção Preventiva,Centro,2.7,Concluído no Prazo
OS-1268,2026-03-30,Equipe Alpha,Manutenção Preventiva,Sul,1.7,Concluído no Prazo
OS-1269,2026-05-22,Equipe Bravo,Instalação Completa,Norte,7.4,Reagendado
OS-1270,2026-02-17,Equipe Alpha,Visita Técnica,Norte,1.6,Concluído no Prazo
OS-1271,2026-01-18,Equipe Alpha,Instalação Completa,Norte,4.0,Concluído no Prazo
OS-1272,2026-05-08,Equipe Bravo,Instalação Completa,Leste,4.9,Concluído com Atraso
OS-1273,2026-05-29,Equipe Alpha,Manutenção Preventiva,Sul,1.9,Concluído com Atraso
OS-1274,2026-01-27,Equipe Alpha,Reparo Estrutural,Sul,1.4,Concluído no Prazo
OS-1275,2026-03-05,Equipe Bravo,Instalação Completa,Centro,6.4,Concluído no Prazo
OS-1276,2026-01-08,Equipe Bravo,Manutenção Preventiva,Norte,2.7,Concluído com Atraso
OS-1277,2026-03-22,Equipe Alpha,Instalação Completa,Norte,6.8,Concluído no Prazo
OS-1278,2026-02-17,Equipe Bravo,Manutenção Preventiva,Leste,3.0,Reagendado
OS-1279,2026-01-22,Equipe Bravo,Reparo Estrutural,Centro,1.0,Concluído no Prazo
OS-1280,2026-01-14,Equipe Alpha,Manutenção Preventiva,Oeste,1.9,Reagendado
OS-1281,2026-02-20,Equipe Alpha,Reparo Estrutural,Oeste,1.2,Concluído no Prazo
OS-1282,2026-04-13,Equipe Bravo,Manutenção Preventiva,Leste,2.2,Concluído no Prazo
OS-1283,2026-05-10,Equipe Bravo,Visita Técnica,Sul,1.5,Concluído no Prazo
OS-1284,2026-03-23,Equipe Alpha,Manutenção Preventiva,Oeste,2.9,Concluído no Prazo
OS-1285,2026-04-14,Equipe Alpha,Manutenção Preventiva,Leste,2.9,Concluído no Prazo
OS-1286,2026-05-27,Equipe Alpha,Manutenção Preventiva,Centro,1.7,Concluído no Prazo
OS-1287,2026-05-17,Equipe Bravo,Visita Técnica,Norte,1.3,Concluído no Prazo
OS-1288,2026-03-17,Equipe Bravo,Instalação Completa,Oeste,5.9,Concluído no Prazo
OS-1289,2026-05-13,Equipe Alpha,Instalação Completa,Centro,7.4,Concluído no Prazo
OS-1290,2026-05-05,Equipe Alpha,Manutenção Preventiva,Leste,1.6,Concluído no Prazo
OS-1291,2026-05-27,Equipe Alpha,Instalação Completa,Leste,4.8,Concluído no Prazo
OS-1292,2026-04-10,Equipe Bravo,Manutenção Preventiva,Sul,1.7,Concluído no Prazo
OS-1293,2026-05-08,Equipe Bravo,Manutenção Preventiva,Leste,1.9,Concluído no Prazo
OS-1294,2026-05-29,Equipe Alpha,Visita Técnica,Oeste,0.9,Concluído no Prazo
OS-1295,2026-04-26,Equipe Bravo,Manutenção Preventiva,Norte,1.7,Concluído no Prazo
OS-1296,2026-01-19,Equipe Alpha,Manutenção Preventiva,Norte,2.3,Concluído no Prazo
OS-1297,2026-02-26,Equipe Alpha,Instalação Completa,Norte,6.4,Concluído no Prazo
OS-1298,2026-04-03,Equipe Bravo,Visita Técnica,Centro,1.7,Concluído no Prazo
OS-1299,2026-05-30,Equipe Bravo,Instalação Completa,Sul,8.0,Concluído no Prazo
OS-1300,2026-02-12,Equipe Alpha,Reparo Estrutural,Oeste,0.7,Concluído no Prazo
OS-1301,2026-02-13,Equipe Bravo,Visita Técnica,Leste,0.7,Concluído no Prazo
OS-1302,2026-04-04,Equipe Alpha,Instalação Completa,Oeste,7.3,Concluído no Prazo
OS-1303,2026-02-01,Equipe Bravo,Visita Técnica,Norte,1.6,Concluído no Prazo
OS-1304,2026-04-24,Equipe Alpha,Reparo Estrutural,Sul,0.7,Reagendado
OS-1305,2026-04-01,Equipe Alpha,Instalação Completa,Sul,4.3,Concluído no Prazo
OS-1306,2026-02-18,Equipe Alpha,Instalação Completa,Sul,4.9,Reagendado
OS-1307,2026-03-22,Equipe Bravo,Visita Técnica,Centro,1.3,Concluído com Atraso
OS-1308,2026-01-31,Equipe Bravo,Reparo Estrutural,Oeste,1.2,Concluído no Prazo
OS-1309,2026-03-27,Equipe Bravo,Visita Técnica,Oeste,1.4,Concluído no Prazo
OS-1310,2026-04-17,Equipe Bravo,Manutenção Preventiva,Centro,2.8,Reagendado
OS-1311,2026-01-23,Equipe Bravo,Manutenção Preventiva,Centro,3.0,Concluído no Prazo
OS-1312,2026-01-31,Equipe Bravo,Visita Técnica,Leste,1.4,Concluído no Prazo
OS-1313,2026-03-25,Equipe Bravo,Instalação Completa,Leste,4.4,Reagendado
OS-1314,2026-01-18,Equipe Bravo,Instalação Completa,Norte,5.3,Reagendado
OS-1315,2026-03-14,Equipe Bravo,Manutenção Preventiva,Leste,1.7,Reagendado
OS-1316,2026-02-09,Equipe Bravo,Reparo Estrutural,Oeste,1.2,Concluído no Prazo
OS-1317,2026-05-18,Equipe Bravo,Instalação Completa,Sul,5.6,Reagendado
OS-1318,2026-02-25,Equipe Bravo,Instalação Completa,Centro,6.8,Concluído no Prazo
OS-1319,2026-05-06,Equipe Bravo,Visita Técnica,Leste,0.5,Concluído com Atraso
OS-1320,2026-05-09,Equipe Alpha,Instalação Completa,Oeste,7.8,Concluído no Prazo
OS-1321,2026-01-05,Equipe Alpha,Instalação Completa,Leste,5.4,Concluído no Prazo
OS-1322,2026-03-29,Equipe Alpha,Visita Técnica,Centro,1.3,Cancelado pelo Cliente
OS-1323,2026-03-02,Equipe Alpha,Instalação Completa,Sul,6.3,Concluído no Prazo
OS-1324,2026-03-09,Equipe Bravo,Instalação Completa,Norte,5.9,Reagendado
OS-1325,2026-01-12,Equipe Bravo,Manutenção Preventiva,Leste,1.8,Concluído no Prazo
OS-1326,2026-03-13,Equipe Bravo,Instalação Completa,Centro,7.1,Concluído no Prazo
OS-1327,2026-03-30,Equipe Bravo,Instalação Completa,Sul,6.2,Concluído com Atraso
OS-1328,2026-05-29,Equipe Bravo,Reparo Estrutural,Leste,0.6,Concluído no Prazo
OS-1329,2026-04-25,Equipe Bravo,Instalação Completa,Oeste,5.9,Concluído no Prazo
OS-1330,2026-01-17,Equipe Bravo,Visita Técnica,Norte,1.8,Concluído no Prazo
OS-1331,2026-01-15,Equipe Bravo,Instalação Completa,Sul,4.0,Concluído com Atraso
OS-1332,2026-01-17,Equipe Alpha,Instalação Completa,Sul,7.5,Cancelado pelo Cliente
OS-1333,2026-02-10,Equipe Alpha,Visita Técnica,Oeste,0.6,Concluído no Prazo
OS-1334,2026-01-24,Equipe Alpha,Visita Técnica,Oeste,0.9,Concluído no Prazo
OS-1335,2026-02-09,Equipe Bravo,Instalação Completa,Centro,6.5,Concluído no Prazo
OS-1336,2026-01-05,Equipe Bravo,Instalação Completa,Norte,6.5,Concluído no Prazo
OS-1337,2026-01-04,Equipe Alpha,Manutenção Preventiva,Leste,2.7,Concluído no Prazo
OS-1338,2026-02-01,Equipe Alpha,Visita Técnica,Oeste,0.6,Concluído com Atraso
OS-1339,2026-03-28,Equipe Alpha,Instalação Completa,Norte,7.8,Concluído no Prazo
OS-1340,2026-01-20,Equipe Alpha,Manutenção Preventiva,Leste,1.7,Concluído no Prazo
OS-1341,2026-05-21,Equipe Bravo,Instalação Completa,Norte,7.3,Concluído no Prazo
OS-1342,2026-05-28,Equipe Alpha,Manutenção Preventiva,Norte,1.6,Reagendado
OS-1343,2026-01-04,Equipe Bravo,Visita Técnica,Oeste,1.4,Concluído no Prazo
OS-1344,2026-04-22,Equipe Alpha,Instalação Completa,Sul,5.4,Concluído no Prazo
OS-1345,2026-02-01,Equipe Alpha,Reparo Estrutural,Leste,1.3,Concluído no Prazo
OS-1346,2026-01-23,Equipe Bravo,Instalação Completa,Centro,6.7,Concluído no Prazo
OS-1347,2026-05-22,Equipe Bravo,Instalação Completa,Leste,4.1,Concluído no Prazo
OS-1348,2026-03-16,Equipe Bravo,Instalação Completa,Leste,4.5,Concluído no Prazo
OS-1349,2026-02-24,Equipe Alpha,Manutenção Preventiva,Sul,2.9,Cancelado pelo Cliente
OS-1350,2026-03-19,Equipe Alpha,Instalação Completa,Norte,5.5,Concluído no Prazo
OS-1351,2026-01-31,Equipe Bravo,Visita Técnica,Leste,1.1,Concluído no Prazo
OS-1352,2026-02-14,Equipe Bravo,Instalação Completa,Sul,6.9,Concluído no Prazo
OS-1353,2026-04-08,Equipe Alpha,Instalação Completa,Norte,5.2,Concluído com Atraso
OS-1354,2026-04-24,Equipe Bravo,Manutenção Preventiva,Leste,1.5,Concluído no Prazo
OS-1355,2026-03-22,Equipe Alpha,Manutenção Preventiva,Sul,2.4,Concluído no Prazo
OS-1356,2026-04-27,Equipe Bravo,Visita Técnica,Norte,0.7,Concluído no Prazo
OS-1357,2026-05-11,Equipe Bravo,Manutenção Preventiva,Leste,1.7,Concluído no Prazo
OS-1358,2026-04-22,Equipe Alpha,Instalação Completa,Centro,4.6,Concluído no Prazo
OS-1359,2026-01-02,Equipe Bravo,Instalação Completa,Leste,6.0,Concluído no Prazo
OS-1360,2026-02-09,Equipe Bravo,Manutenção Preventiva,Sul,2.9,Concluído no Prazo
OS-1361,2026-05-19,Equipe Bravo,Visita Técnica,Norte,0.5,Concluído no Prazo
OS-1362,2026-02-13,Equipe Alpha,Instalação Completa,Oeste,6.5,Concluído no Prazo
OS-1363,2026-03-17,Equipe Bravo,Instalação Completa,Centro,7.0,Concluído no Prazo
OS-1364,2026-01-28,Equipe Bravo,Manutenção Preventiva,Norte,1.8,Concluído no Prazo
OS-1365,2026-01-05,Equipe Alpha,Manutenção Preventiva,Centro,2.9,Concluído no Prazo
OS-1366,2026-02-05,Equipe Bravo,Manutenção Preventiva,Leste,2.4,Concluído no Prazo
OS-1367,2026-05-16,Equipe Alpha,Manutenção Preventiva,Sul,2.7,Concluído no Prazo
OS-1368,2026-01-07,Equipe Bravo,Instalação Completa,Leste,7.7,Concluído com Atraso
OS-1369,2026-04-18,Equipe Alpha,Reparo Estrutural,Norte,1.0,Cancelado pelo Cliente
OS-1370,2026-03-21,Equipe Alpha,Instalação Completa,Oeste,7.6,Concluído no Prazo
OS-1371,2026-05-29,Equipe Alpha,Manutenção Preventiva,Centro,1.8,Concluído no Prazo
OS-1372,2026-03-18,Equipe Bravo,Instalação Completa,Norte,7.0,Concluído no Prazo
OS-1373,2026-05-29,Equipe Bravo,Instalação Completa,Norte,4.8,Concluído no Prazo
OS-1374,2026-01-16,Equipe Bravo,Visita Técnica,Oeste,0.7,Concluído no Prazo
OS-1375,2026-01-14,Equipe Bravo,Visita Técnica,Centro,0.8,Concluído no Prazo
OS-1376,2026-04-13,Equipe Bravo,Visita Técnica,Leste,0.7,Concluído com Atraso
OS-1377,2026-03-01,Equipe Bravo,Manutenção Preventiva,Oeste,2.1,Concluído com Atraso
OS-1378,2026-03-04,Equipe Bravo,Instalação Completa,Leste,7.3,Cancelado pelo Cliente
OS-1379,2026-04-25,Equipe Alpha,Reparo Estrutural,Oeste,1.3,Concluído no Prazo
OS-1380,2026-01-13,Equipe Alpha,Instalação Completa,Leste,7.8,Reagendado
OS-1381,2026-04-23,Equipe Alpha,Manutenção Preventiva,Centro,2.0,Concluído no Prazo
OS-1382,2026-01-24,Equipe Alpha,Instalação Completa,Leste,4.2,Concluído no Prazo
OS-1383,2026-02-22,Equipe Alpha,Reparo Estrutural,Oeste,1.4,Concluído no Prazo
OS-1384,2026-03-06,Equipe Bravo,Instalação Completa,Oeste,6.3,Concluído no Prazo
OS-1385,2026-01-05,Equipe Bravo,Manutenção Preventiva,Leste,1.7,Concluído com Atraso
OS-1386,2026-02-24,Equipe Bravo,Manutenção Preventiva,Centro,2.9,Concluído no Prazo
OS-1387,2026-05-15,Equipe Bravo,Instalação Completa,Norte,5.7,Concluído no Prazo
OS-1388,2026-05-15,Equipe Bravo,Reparo Estrutural,Norte,1.0,Concluído com Atraso
OS-1389,2026-02-18,Equipe Alpha,Manutenção Preventiva,Leste,2.1,Concluído com Atraso
OS-1390,2026-01-20,Equipe Alpha,Manutenção Preventiva,Oeste,2.2,Reagendado
OS-1391,2026-02-13,Equipe Bravo,Reparo Estrutural,Norte,1.5,Concluído no Prazo
OS-1392,2026-02-12,Equipe Bravo,Instalação Completa,Norte,7.2,Concluído no Prazo
OS-1393,2026-05-06,Equipe Bravo,Instalação Completa,Sul,6.0,Reagendado
OS-1394,2026-01-07,Equipe Alpha,Visita Técnica,Centro,1.3,Cancelado pelo Cliente
OS-1395,2026-04-01,Equipe Bravo,Instalação Completa,Centro,4.4,Concluído no Prazo
OS-1396,2026-01-15,Equipe Alpha,Visita Técnica,Leste,1.6,Reagendado
OS-1397,2026-04-09,Equipe Bravo,Visita Técnica,Centro,1.6,Reagendado
OS-1398,2026-05-05,Equipe Alpha,Manutenção Preventiva,Sul,2.9,Concluído com Atraso
OS-1399,2026-05-01,Equipe Alpha,Instalação Completa,Leste,7.1,Concluído no Prazo
OS-1400,2026-03-27,Equipe Alpha,Instalação Completa,Oeste,7.4,Concluído no Prazo
OS-1401,2026-05-14,Equipe Alpha,Instalação Completa,Sul,7.1,Concluído no Prazo
OS-1402,2026-01-03,Equipe Alpha,Reparo Estrutural,Oeste,1.8,Concluído com Atraso
OS-1403,2026-01-16,Equipe Alpha,Instalação Completa,Norte,4.9,Concluído no Prazo
OS-1404,2026-01-07,Equipe Alpha,Manutenção Preventiva,Oeste,2.0,Concluído no Prazo
OS-1405,2026-05-13,Equipe Bravo,Manutenção Preventiva,Norte,2.4,Concluído no Prazo
OS-1406,2026-02-20,Equipe Bravo,Instalação Completa,Leste,6.2,Concluído no Prazo
OS-1407,2026-01-16,Equipe Alpha,Manutenção Preventiva,Oeste,2.3,Concluído no Prazo
OS-1408,2026-04-08,Equipe Bravo,Manutenção Preventiva,Sul,1.8,Concluído no Prazo
OS-1409,2026-03-29,Equipe Bravo,Reparo Estrutural,Oeste,0.6,Concluído no Prazo
OS-1410,2026-05-17,Equipe Alpha,Visita Técnica,Sul,2.0,Cancelado pelo Cliente
OS-1411,2026-05-18,Equipe Alpha,Manutenção Preventiva,Centro,1.6,Concluído no Prazo
OS-1412,2026-01-11,Equipe Alpha,Manutenção Preventiva,Oeste,2.5,Concluído no Prazo
OS-1413,2026-05-26,Equipe Alpha,Instalação Completa,Sul,5.5,Concluído no Prazo
OS-1414,2026-03-20,Equipe Alpha,Visita Técnica,Norte,0.7,Concluído no Prazo
OS-1415,2026-05-30,Equipe Bravo,Visita Técnica,Centro,1.2,Concluído no Prazo
OS-1416,2026-02-03,Equipe Bravo,Reparo Estrutural,Centro,1.5,Concluído com Atraso
OS-1417,2026-03-10,Equipe Bravo,Instalação Completa,Norte,7.3,Concluído no Prazo
OS-1418,2026-03-30,Equipe Alpha,Manutenção Preventiva,Leste,2.8,Concluído no Prazo
OS-1419,2026-02-22,Equipe Alpha,Manutenção Preventiva,Sul,2.5,Concluído no Prazo
OS-1420,2026-01-29,Equipe Bravo,Manutenção Preventiva,Centro,2.4,Concluído no Prazo
OS-1421,2026-01-04,Equipe Alpha,Instalação Completa,Oeste,5.4,Concluído com Atraso
OS-1422,2026-02-18,Equipe Bravo,Reparo Estrutural,Oeste,0.9,Concluído no Prazo
OS-1423,2026-01-03,Equipe Alpha,Visita Técnica,Centro,0.7,Concluído com Atraso
OS-1424,2026-02-12,Equipe Alpha,Manutenção Preventiva,Leste,1.6,Concluído no Prazo
OS-1425,2026-05-26,Equipe Bravo,Instalação Completa,Centro,5.7,Concluído no Prazo
OS-1426,2026-03-07,Equipe Alpha,Instalação Completa,Norte,5.1,Concluído com Atraso
OS-1427,2026-01-05,Equipe Alpha,Instalação Completa,Norte,5.0,Concluído no Prazo
OS-1428,2026-01-03,Equipe Alpha,Visita Técnica,Norte,0.7,Concluído com Atraso
OS-1429,2026-03-05,Equipe Bravo,Visita Técnica,Centro,1.4,Concluído com Atraso
OS-1430,2026-04-08,Equipe Bravo,Manutenção Preventiva,Centro,2.3,Concluído no Prazo
OS-1431,2026-01-13,Equipe Alpha,Instalação Completa,Centro,7.5,Concluído no Prazo
OS-1432,2026-05-20,Equipe Alpha,Visita Técnica,Leste,1.0,Reagendado
OS-1433,2026-05-07,Equipe Bravo,Instalação Completa,Oeste,4.3,Concluído no Prazo
OS-1434,2026-03-15,Equipe Alpha,Instalação Completa,Oeste,6.0,Concluído no Prazo
OS-1435,2026-02-25,Equipe Alpha,Manutenção Preventiva,Oeste,1.7,Concluído no Prazo
OS-1436,2026-02-27,Equipe Alpha,Instalação Completa,Oeste,4.6,Concluído no Prazo
OS-1437,2026-01-09,Equipe Bravo,Visita Técnica,Sul,0.8,Concluído no Prazo
OS-1438,2026-03-30,Equipe Bravo,Manutenção Preventiva,Centro,2.7,Reagendado
OS-1439,2026-03-18,Equipe Bravo,Manutenção Preventiva,Norte,2.6,Concluído no Prazo
OS-1440,2026-05-25,Equipe Bravo,Reparo Estrutural,Centro,1.9,Cancelado pelo Cliente
OS-1441,2026-04-04,Equipe Alpha,Manutenção Preventiva,Norte,2.2,Concluído no Prazo
OS-1442,2026-02-18,Equipe Bravo,Instalação Completa,Centro,7.9,Concluído no Prazo
OS-1443,2026-03-29,Equipe Bravo,Instalação Completa,Centro,6.4,Concluído com Atraso
OS-1444,2026-04-01,Equipe Bravo,Manutenção Preventiva,Oeste,1.6,Reagendado
OS-1445,2026-02-10,Equipe Alpha,Instalação Completa,Norte,4.2,Concluído no Prazo
OS-1446,2026-03-28,Equipe Bravo,Manutenção Preventiva,Sul,1.6,Concluído no Prazo
OS-1447,2026-04-09,Equipe Bravo,Reparo Estrutural,Norte,0.7,Concluído no Prazo
OS-1448,2026-02-26,Equipe Bravo,Instalação Completa,Oeste,5.3,Concluído com Atraso
OS-1449,2026-03-22,Equipe Bravo,Manutenção Preventiva,Norte,2.1,Concluído no Prazo
OS-1450,2026-04-26,Equipe Bravo,Instalação Completa,Centro,6.6,Concluído no Prazo
OS-1451,2026-03-28,Equipe Alpha,Instalação Completa,Oeste,7.2,Concluído no Prazo
OS-1452,2026-01-20,Equipe Bravo,Instalação Completa,Leste,4.5,Concluído no Prazo
OS-1453,2026-04-02,Equipe Alpha,Instalação Completa,Sul,4.7,Concluído no Prazo
OS-1454,2026-01-24,Equipe Bravo,Visita Técnica,Leste,0.6,Concluído no Prazo
OS-1455,2026-03-15,Equipe Bravo,Instalação Completa,Oeste,6.5,Concluído no Prazo
OS-1456,2026-03-03,Equipe Bravo,Instalação Completa,Oeste,4.2,Concluído no Prazo
OS-1457,2026-01-02,Equipe Alpha,Reparo Estrutural,Sul,1.9,Concluído no Prazo
OS-1458,2026-01-15,Equipe Bravo,Instalação Completa,Norte,5.9,Concluído no Prazo
OS-1459,2026-03-29,Equipe Bravo,Instalação Completa,Norte,5.9,Concluído com Atraso
OS-1460,2026-05-04,Equipe Alpha,Manutenção Preventiva,Leste,1.9,Concluído no Prazo
OS-1461,2026-02-24,Equipe Alpha,Instalação Completa,Leste,5.7,Concluído com Atraso
OS-1462,2026-01-22,Equipe Alpha,Reparo Estrutural,Sul,1.8,Concluído no Prazo
OS-1463,2026-04-27,Equipe Bravo,Manutenção Preventiva,Centro,1.5,Concluído no Prazo
OS-1464,2026-02-18,Equipe Alpha,Manutenção Preventiva,Oeste,2.1,Cancelado pelo Cliente
OS-1465,2026-01-07,Equipe Alpha,Instalação Completa,Sul,7.0,Reagendado
OS-1466,2026-01-02,Equipe Alpha,Visita Técnica,Leste,0.8,Concluído com Atraso
OS-1467,2026-01-13,Equipe Alpha,Visita Técnica,Sul,2.0,Concluído no Prazo
OS-1468,2026-05-17,Equipe Bravo,Manutenção Preventiva,Centro,2.8,Concluído com Atraso
OS-1469,2026-03-29,Equipe Alpha,Instalação Completa,Oeste,5.2,Concluído no Prazo
OS-1470,2026-05-14,Equipe Alpha,Instalação Completa,Norte,5.9,Concluído no Prazo
OS-1471,2026-03-10,Equipe Alpha,Instalação Completa,Sul,7.6,Concluído no Prazo
OS-1472,2026-03-13,Equipe Bravo,Manutenção Preventiva,Leste,2.2,Concluído com Atraso
OS-1473,2026-03-29,Equipe Alpha,Instalação Completa,Norte,6.8,Cancelado pelo Cliente
OS-1474,2026-01-31,Equipe Bravo,Instalação Completa,Centro,7.8,Reagendado
OS-1475,2026-02-11,Equipe Alpha,Instalação Completa,Sul,7.1,Concluído com Atraso
OS-1476,2026-05-23,Equipe Alpha,Instalação Completa,Norte,5.7,Reagendado
OS-1477,2026-01-12,Equipe Bravo,Visita Técnica,Centro,1.7,Reagendado
OS-1478,2026-02-15,Equipe Bravo,Manutenção Preventiva,Leste,1.7,Concluído no Prazo
OS-1479,2026-03-30,Equipe Bravo,Manutenção Preventiva,Norte,2.1,Concluído no Prazo
OS-1480,2026-03-19,Equipe Alpha,Instalação Completa,Sul,7.0,Concluído no Prazo
OS-1481,2026-05-01,Equipe Bravo,Instalação Completa,Oeste,7.6,Concluído no Prazo
OS-1482,2026-03-03,Equipe Bravo,Reparo Estrutural,Norte,1.7,Concluído no Prazo
OS-1483,2026-04-21,Equipe Alpha,Instalação Completa,Oeste,6.1,Concluído no Prazo
OS-1484,2026-02-12,Equipe Bravo,Instalação Completa,Leste,4.1,Concluído no Prazo
OS-1485,2026-02-09,Equipe Alpha,Manutenção Preventiva,Leste,2.0,Concluído no Prazo
OS-1486,2026-03-15,Equipe Bravo,Instalação Completa,Oeste,7.5,Concluído no Prazo
OS-1487,2026-05-19,Equipe Bravo,Instalação Completa,Sul,5.1,Concluído no Prazo
OS-1488,2026-03-15,Equipe Alpha,Instalação Completa,Oeste,4.9,Concluído no Prazo
OS-1489,2026-04-09,Equipe Alpha,Instalação Completa,Norte,6.2,Concluído no Prazo
OS-1490,2026-04-05,Equipe Alpha,Reparo Estrutural,Sul,1.4,Concluído com Atraso
OS-1491,2026-02-18,Equipe Bravo,Manutenção Preventiva,Sul,2.6,Concluído no Prazo
OS-1492,2026-01-26,Equipe Bravo,Instalação Completa,Centro,5.0,Concluído no Prazo
OS-1493,2026-05-04,Equipe Bravo,Instalação Completa,Norte,4.9,Concluído no Prazo
OS-1494,2026-02-06,Equipe Bravo,Instalação Completa,Centro,7.4,Concluído no Prazo
OS-1495,2026-05-02,Equipe Bravo,Manutenção Preventiva,Oeste,2.4,Concluído no Prazo
OS-1496,2026-03-17,Equipe Bravo,Instalação Completa,Norte,4.2,Concluído no Prazo
OS-1497,2026-04-06,Equipe Alpha,Visita Técnica,Centro,1.2,Concluído no Prazo
OS-1498,2026-04-09,Equipe Bravo,Visita Técnica,Oeste,2.0,Concluído no Prazo
OS-1499,2026-03-26,Equipe Alpha,Instalação Completa,Oeste,7.4,Concluído no Prazo
OS-1500,2026-04-18,Equipe Bravo,Instalação Completa,Norte,4.9,Concluído no Prazo
